{
  "config": {
    "tasks": [
      "sst2",
      "mrpc",
      "rte",
      "mnli",
      "qnli",
      "qqp"
    ],
    "max_examples_per_task": 2000,
    "batch_size": 32,
    "device_request": "auto",
    "device_used": "cuda"
  },
  "sample_counts": {
    "sst2": 872,
    "mrpc": 408,
    "rte": 277,
    "mnli": 2000,
    "qnli": 2000,
    "qqp": 2000
  },
  "label_counts": {
    "sst2": 2,
    "mrpc": 2,
    "rte": 2,
    "mnli": 3,
    "qnli": 2,
    "qqp": 2
  },
  "tracks": {
    "oracle_lora": {
      "per_task": {
        "sst2": {
          "accuracy": 0.9426605504587156,
          "primary_metric": 0.9426605504587156
        },
        "mrpc": {
          "accuracy": 0.8504901960784313,
          "f1": 0.8912655971479501,
          "primary_metric": 0.8708778966131907
        },
        "rte": {
          "accuracy": 0.7184115523465704,
          "primary_metric": 0.7184115523465704
        },
        "mnli": {
          "accuracy": 0.878,
          "primary_metric": 0.878
        },
        "qnli": {
          "accuracy": 0.9235,
          "primary_metric": 0.9235
        },
        "qqp": {
          "accuracy": 0.901,
          "f1": 0.8597733711048159,
          "primary_metric": 0.880386685552408
        }
      },
      "aggregate": {
        "macro_accuracy": 0.8690103831472862,
        "weighted_accuracy": 0.8962551276961758,
        "macro_primary": 0.8689727808284808,
        "weighted_primary": 0.8919004304516339,
        "macro_f1": 0.8755194841263829,
        "weighted_f1": 0.8651092632250811
      }
    },
    "per_task_lora": {
      "per_task": {
        "sst2": {
          "accuracy": 0.9426605504587156,
          "primary_metric": 0.9426605504587156
        },
        "mrpc": {
          "accuracy": 0.8504901960784313,
          "f1": 0.8912655971479501,
          "primary_metric": 0.8708778966131907
        },
        "rte": {
          "accuracy": 0.7184115523465704,
          "primary_metric": 0.7184115523465704
        },
        "mnli": {
          "accuracy": 0.878,
          "primary_metric": 0.878
        },
        "qnli": {
          "accuracy": 0.9235,
          "primary_metric": 0.9235
        },
        "qqp": {
          "accuracy": 0.901,
          "f1": 0.8597733711048159,
          "primary_metric": 0.880386685552408
        }
      },
      "aggregate": {
        "macro_accuracy": 0.8690103831472862,
        "weighted_accuracy": 0.8962551276961758,
        "macro_primary": 0.8689727808284808,
        "weighted_primary": 0.8919004304516339,
        "macro_f1": 0.8755194841263829,
        "weighted_f1": 0.8651092632250811
      }
    },
    "per_task_fft": {
      "per_task": {
        "sst2": {
          "accuracy": 0.9518348623853211,
          "primary_metric": 0.9518348623853211
        },
        "mrpc": {
          "accuracy": 0.8970588235294118,
          "f1": 0.9239130434782609,
          "primary_metric": 0.9104859335038363
        },
        "rte": {
          "accuracy": 0.5631768953068592,
          "primary_metric": 0.5631768953068592
        },
        "mnli": {
          "accuracy": 0.876,
          "primary_metric": 0.876
        },
        "qnli": {
          "accuracy": 0.92,
          "primary_metric": 0.92
        },
        "qqp": {
          "accuracy": 0.919,
          "f1": 0.8851063829787233,
          "primary_metric": 0.9020531914893617
        }
      },
      "aggregate": {
        "macro_accuracy": 0.8545117635369319,
        "weighted_accuracy": 0.8974460764853778,
        "macro_primary": 0.8539251471142298,
        "weighted_primary": 0.8936859393738638,
        "macro_f1": 0.904509713228492,
        "weighted_f1": 0.8916815978806384
      }
    }
  },
  "consistency": {
    "oracle_vs_per_task_lora_abs_diff": {
      "sst2": {
        "accuracy": 0.0,
        "primary_metric": 0.0
      },
      "mrpc": {
        "accuracy": 0.0,
        "f1": 0.0,
        "primary_metric": 0.0
      },
      "rte": {
        "accuracy": 0.0,
        "primary_metric": 0.0
      },
      "mnli": {
        "accuracy": 0.0,
        "primary_metric": 0.0
      },
      "qnli": {
        "accuracy": 0.0,
        "primary_metric": 0.0
      },
      "qqp": {
        "accuracy": 0.0,
        "f1": 0.0,
        "primary_metric": 0.0
      }
    },
    "max_primary_diff": 0.0
  },
  "runtime_sec": {
    "load_payloads": 5.877769231796265,
    "load_lora_models": 3.2239108085632324,
    "oracle_eval": 11.270226955413818,
    "per_task_lora_eval": 10.972609758377075,
    "per_task_fft_eval": 12.52263069152832,
    "total": 44.61092758178711
  },
  "artifacts": {
    "metrics_json": "outputs/oracle_routing_metrics.json",
    "results_table": "tables/oracle_routing_results.tex",
    "results_figure": "figures/oracle_routing_per_task.png",
    "legacy_router_table": "tables/router_demo_metrics.tex",
    "legacy_router_figure": "figures/router_demo.png"
  }
}