{
  "overlap": {
    "k_values": [1, 2, 4, 8, 16, 32, 64],
    "num_matrices": 24,
    "mean": {
      "1": 0.04716501192535816,
      "2": 0.05455870817725857,
      "4": 0.062518662152191,
      "8": 0.08469323472430308,
      "16": 0.10910698445513844,
      "32": 0.10307070923348267,
      "64": 0.1227540352071325
    },
    "std": {
      "1": 0.05891393385244358,
      "2": 0.05104748301401591,
      "4": 0.03731856464189936,
      "8": 0.0408332399605357,
      "16": 0.04152385327861361,
      "32": 0.024311143754237118,
      "64": 0.012750192503614472
    },
    "min": {
      "1": 1.1709288628480863e-05,
      "2": 0.007840892300009727,
      "4": 0.016153372824192047,
      "8": 0.027159983292222023,
      "16": 0.049969468265771866,
      "32": 0.06537909805774689,
      "64": 0.09870702028274536
    },
    "max": {
      "1": 0.25916048884391785,
      "2": 0.2029201239347458,
      "4": 0.1636192947626114,
      "8": 0.1933196634054184,
      "16": 0.18371881544589996,
      "32": 0.14538121223449707,
      "64": 0.14333486557006836
    }
  },
  "svd": {
    "num_matrices": 24,
    "max_k": 128,
    "mean_energy_at_k": {
      "1": 0.14150153752416372,
      "2": 0.21036711831887564,
      "4": 0.2886643670499325,
      "8": 0.3767561198522647,
      "16": 0.47704290101925534,
      "32": 0.5860994371275107,
      "64": 0.7067597930630048,
      "128": 0.8319505229592323
    },
    "k_for_threshold": {
      "0.8": 107,
      "0.9": 128,
      "0.95": 128,
      "0.99": 128
    }
  }
}
